{
  "56790311881": {
    "amt": 100000,
    "time": 36,
    "rate": 6.6,
    "payout": 21136,
    "mat": 121136,
    "start": 1627928094.9591131
  },
  "35834643982": {
    "amt": 25000,
    "time": 12,
    "rate": 5.75,
    "payout": 1561,
    "mat": 26561,
    "start": 1629006076.9259076
  }
}